[{"id":1,"name":"Anna Baier","email":"AnnaBaier@einrot.com","phone":"081 581 92 35","priority":"Tief","service":"Kleiner Service","create_date":"2022-11-13T18:12:43.511Z","pickup_date":"2022-11-25T18:12:43.511Z"},{"id":2,"name":"Swen Möller","email":"SwenMoeller@gmail.com","phone":"041 371 23 67","priority":"Standard","service":"Grosser Service","create_date":"2022-11-15T18:07:43.511Z","pickup_date":"2022-11-22T18:07:43.511Z"},{"id":3,"name":"Andrea Beckenbauer","email":"AndreaBeckenbauer@green.com","phone":"071 864 60 84","priority":"Express","service":"Heisswachsen","create_date":"2022-12-01T18:12:43.511Z","pickup_date":"2022-12-06T18:50:43.511Z"},{"id":5,"name":"Bernd Werfel","email":"BerndWerfel@renault.com","phone":"031 745 56 14","priority":"Standard","service":"Heisswachsen","pickup_date":"2022-12-02T18:12:43.511Z","create_date":"2022-11-25T18:12:43.511Z"},{"id":6,"name":"Akshai Arulananthan","email":"akshai.arulananthan@gmail.com","phone":"0794810870","priority":"Express","service":"Grosser Service","pickup_date":"2024-12-10","create_date":"2024-12-05"},{"id":7,"name":"x","email":"akshai.arulananthan@gmail.com","phone":"0794810870","priority":"Standard","service":"Bindung montieren und einstellen","pickup_date":"2024-12-12","create_date":"2024-12-05"},{"id":8,"name":"Akshai Arulananthan","email":"akshai.arulananthan@gmail.com","phone":"0794810870","priority":"Express","service":"Grosser Service","pickup_date":"2024-12-10","create_date":"2024-12-05"},{"id":9,"name":"Akshai Arulananthan","email":"akshai.arulananthan@gmail.com","phone":"0794810870","priority":"Express","service":"Rennski-Service","pickup_date":"2024-12-10","create_date":"2024-12-05"},{"id":10,"name":"Bernd Werfel","email":"BerndWerfel@renault.com","phone":"031 745 56 14","priority":"Standard","service":"Heisswachsen","pickup_date":"2022-12-02T18:12:43.511Z","create_date":"2022-11-25T18:12:43.511Z"},{"id":11,"name":"","email":"","phone":"","priority":"","service":"","pickup_date":"2024-12-13","create_date":"2024-12-06T19:27:51.099Z"},{"id":12,"name":"","email":"","phone":"","priority":"","service":"","pickup_date":"2024-12-13","create_date":"2024-12-06T19:28:26.604Z"},{"id":13,"name":"kj","email":"jm","phone":"mm","priority":"Standard","service":"Rennski-Service","pickup_date":"2024-12-13","create_date":"2024-12-06"},{"id":14,"name":"Akshai Arulananthan","email":"akshai.arulananthan@gmail.com","service":"Grosser Service"},{"id":15,"name":"test123","email":"test@gmail.com","service":"Bindung montieren und einstellen"},{"id":16,"name":"halllloo","email":"hallo@gmail.com","service":"Bindung montieren und einstellen"},{"id":17,"name":"Bernd Werfel","email":"BerndWerfel@renault.com","phone":"031 745 56 14","priority":"Standard","service":"Heisswachsen","pickup_date":"2022-12-02T18:12:43.511Z","create_date":"2022-11-25T18:12:43.511Z"},{"id":18,"name":"hallllooo","email":"halllloo@gmail.com","service":"Bindung montieren und einstellen"},{"id":19,"name":"hallllooo","email":"halllloo@gmail.com","service":"Bindung montieren und einstellen"},{"id":20,"name":"dd","email":"akshai.arulananthan@gmail.com","service":"Grosser Service"},{"id":21,"name":"dd","email":"akshai.arulananthan@gmail.com","service":"Grosser Service"},{"id":22,"name":"Akshai Arulananthanggg","email":"akshai.arulananthan@gmail.com","service":"Kleiner Service"},{"id":23,"name":"Akshai Arulananthan","email":"akshai.arulananthan@gmail.com","service":"Bindung montieren und einstellen"},{"id":24,"name":"Akshai Arulananthan","email":"akshai.arulananthan@gmail.com","service":"Bindung montieren und einstellen"},{"id":25,"name":"Akshai Arulananthanvdxvds","email":"akshai.arulananthan@gmail.com","service":"Kleiner Service"},{"id":26,"name":"hall","email":"akshai.arulananthan@gmail.com","service":"Rennski-Service"},{"id":27,"name":"Akshai Arulananthan","email":"akshai.arulananthan@gmail.com","service":"Kleiner Service"},{"id":28,"name":"Akshai Arulananthan"},{"id":29,"name":"Akshai Arulananthan","email":"akshai.arulananthan@gmail.com","service":"Grosser Service"},{"id":30,"name":"kello kunda","email":"e@gmail.com","phone":"0791210810","priority":"tief","service":"kleiner-service","pickup_date":"20.12.24","create_date":"2024-12-08T18:39:49.881Z"},{"id":31,"name":"Akshai Arulananthan","email":"akshai.arulananthan@gmail.com","service":"Grosser Service"},{"id":32,"name":"Akshai Arulananthan","email":"akshai.arulananthan@gmail.com","service":"Rennski-Service"},{"id":33,"name":"Akshai Arulananthan","email":"akshai.arulananthan@gmail.com","service":"Kleiner Service"},{"id":34,"name":"m","email":"akshai.arulananthan@gmail.com","service":"Bindung montieren und einstellen"},{"id":35,"name":"Akshai Arulananthan","email":"akshai.arulananthan@gmail.com","service":"Bindung montieren und einstellen"},{"id":36,"name":"Akshai Arulananthan","email":"akshai.arulananthan@gmail.com","service":"Grosser Service"},{"id":37,"name":"Akshai Arulananthan","email":"akshai.arulananthan@gmail.com","service":"Grosser Service"},{"id":38,"name":"Akshai Arulananthan","email":"akshai.arulananthan@gmail.com","service":"Grosser Service"},{"id":39,"name":"Akshai Arulananthan","email":"akshai.arulananthan@gmail.com","service":"Grosser Service"},{"id":40,"name":"Akshai Arulananthan","email":"akshai.arulananthan@gmail.com","service":"Grosser Service"},{"id":41,"name":"Akshai Arulananthan","email":"akshai.arulananthan@gmail.com","service":"Grosser Service"},{"id":42,"name":"Akshai Arulananthan","email":"akshai.arulananthan@gmail.com","service":"Bindung montieren und einstellen"},{"id":43,"name":"Akshai Arulananthan","email":"akshai.arulananthan@gmail.com","service":"Grosser Service"},{"id":44,"name":"Akshai Arulananthan","email":"akshai.arulananthan@gmail.com","phone":"0794810870","priority":"Express","service":"Grosser Service"},{"id":45,"name":"Akshai Arulananthan","email":"akshai.arulananthan@gmail.com","service":"Grosser Service"},{"id":46,"name":"Akshai ArulananthanTEST","email":"akshai.arulananthan@gmail.com","service":"Rennski-Service"},{"id":47,"name":"Akshai ArulananthanEE","email":"akshai.arulananthan@gmail.com","service":"Rennski-Service"},{"id":48,"name":"Bernd Werfel","email":"BerndWerfel@renault.com","phone":"031 745 56 14","priority":"Standard","service":"Heisswachsen","pickup_date":"2022-12-02T18:12:43.511Z","create_date":"2022-11-25T18:12:43.511Z"},{"id":49,"name":"Bernd Werfel","email":"BerndWerfel@renault.com","phone":"031 745 56 14","priority":"Standard","service":"Heisswachsen","pickup_date":"2022-12-02T18:12:43.511Z","create_date":"2022-11-25T18:12:43.511Z"},{"id":50,"name":"Akshai Arulananthan","email":"akshai.arulananthan@gmail.com","service":"Bindung montieren und einstellen"},{"id":51,"name":"Akshai Arulananthan","email":"akshai.arulananthan@gmail.com","service":"Fell zuschneiden"},{"id":52,"name":"Akshai Arulananthan","email":"akshai.arulananthan@gmail.com","service":"Fell zuschneiden"},{"id":53,"name":"Akshai Arulananthan","email":"akshai.arulananthan@gmail.com","service":"Rennski-Service"},{"id":54,"name":"Akshai Arulananthan","email":"akshai.arulananthan@gmail.com","service":"Rennski-Service"},{"id":55,"name":"Akshai Arulananthan","email":"akshai.arulananthan@gmail.com","service":"Rennski-Service"},{"id":56,"name":"Akshai Arulananthan","email":"akshai.arulananthan@gmail.com","service":"Kleiner Service"},{"id":57,"name":"Akshai Arulananthan","email":"akshai.arulananthan@gmail.com","service":"Grosser Service"},{"id":58,"name":"Akshai Arulananthan","email":"akshai.arulananthan@gmail.com","service":"Rennski-Service"},{"id":59,"name":"Akshai Arulananthan","email":"akshai.arulananthan@gmail.com","service":"Bindung montieren und einstellen"},{"id":60,"name":"Akshai Arulananthan","email":"akshai.arulananthan@gmail.com","service":"Grosser Service"},{"id":61,"name":"Akshai Arulananthan","email":"akshai.arulananthan@gmail.com","service":"Grosser Service"},{"id":62,"name":"Akshai Arulananthan","email":"akshai.arulananthan@gmail.com","service":"Fell zuschneiden"},{"id":63,"name":"Akshai Arulananthan","email":"akshai.arulananthan@gmail.com","service":"Rennski-Service"}]