{
	"info": {
		"_postman_id": "1dbd1929-5fe8-4fdc-9c23-9e21ac19b9aa",
		"name": "Ski-Service",
		"schema": "https://schema.getpostman.com/json/collection/v2.1.0/collection.json",
		"_exporter_id": "9961430"
	},
	"item": [
		{
			"name": "Get all registrations",
			"request": {
				"method": "GET",
				"header": [],
				"url": {
					"raw": "http://localhost:5001/api/registrations",
					"protocol": "http",
					"host": [
						"localhost"
					],
					"port": "5001",
					"path": [
						"api",
						"registrations"
					]
				}
			},
			"response": []
		},
		{
			"name": "Add new registration",
			"request": {
				"method": "POST",
				"header": [],
				"body": {
					"mode": "raw",
					"raw": "{\r\n        \"name\":\"Peter Müller\",\r\n        \"email\":\"peter.mueller@ski.com\",\r\n        \"phone\":\"031 745 56 99\",\r\n        \"priority\":\"Standard\",\r\n        \"service\":\"Heisswachsen\",\r\n        \"create_date\":\"2024-11-25T18:12:43.511Z\",\r\n        \"pickup_date\":\"2024-12-02T18:12:43.511Z\"\r\n}",
					"options": {
						"raw": {
							"language": "json"
						}
					}
				},
				"url": {
					"raw": "http://localhost:5001/api/registration",
					"protocol": "http",
					"host": [
						"localhost"
					],
					"port": "5001",
					"path": [
						"api",
						"registration"
					]
				}
			},
			"response": []
		},
		{
			"name": "Delete registration",
			"request": {
				"method": "DELETE",
				"header": [],
				"url": {
					"raw": "http://localhost:5001/api/registration/4",
					"protocol": "http",
					"host": [
						"localhost"
					],
					"port": "5001",
					"path": [
						"api",
						"registration",
						"4"
					]
				}
			},
			"response": []
		}
	]
}